,Candidate_ID,Cluster_ID,Donor,Contribution_Max,Contribution_Min,Contribution_Avg,Total,Count
6,1,153.0,TWU LOCAL 100 POLITICAL CONTRIBUTIONS COMMITEE,2500.0,500.0,1666.666666666667,5000.0,3
9,1,164.0,32BJ UNITED ADF,5000.0,500.0,2750.0,5500.0,2
10,1,165.0,LOCAL 6 COMMITEE ON POLITICAL EDUCATION,7000.0,7000.0,7000.0,7000.0,1
13,1,188.0,LAWPAC OF NEW YORK,9000.0,1000.0,2600.0,13000.0,5
14,1,196.0,1199 SEIU 32/ NYS POLITICAL,7000.0,3000.0,5666.666666666668,17000.0,3
28,1,523.0,RPAC OF NYS,500.0,500.0,500.0,1500.0,3
35,1,793.0,TEACHERS FOR EDUCATION/COMMITEE ON POLITICAL EDU,2500.0,1000.0,1750.0,3500.0,2
293,2,117.0,MASON TENDERS DISTRICT COUNCIL OF GREATER NY,7000.0,7000.0,7000.0,7000.0,1
299,2,153.0,TRANSPORT WORKERS UNION LOCAL 100,5500.0,2000.0,4166.666666666667,12500.0,3
303,2,164.0,32BJ UNITED ADF,5000.0,1000.0,2500.0,10000.0,4
304,2,165.0,LOCAL 6 COMMITTEE ON POLITICALEDUCATION,7000.0,1500.0,3625.0,14500.0,4
309,2,188.0,LAWPAC OF NEW YORK,11000.0,1000.0,4500.0,18000.0,4
312,2,196.0,1199 SEIU NYS PAF,11000.0,3000.0,7000.0,14000.0,2
326,2,523.0,RPAC OF NEW YORK STATE,1000.0,1000.0,1000.0,1000.0,1
334,2,793.0,VOICE OF TEACHERS FOR EDUCATION,11000.0,3000.0,7000.0,14000.0,2
337,2,876.0,HTC NON FEDERAL COPE,7000.0,1500.0,3625.0,14500.0,4
1980,3,117.0,MASON TENDERS DISTRICT COUNCIL GREATER NY PAC,6000.0,2500.0,4833.333333333333,29000.0,6
1986,3,142.0,NEW YORK STATE LABORERS PAC - STATE FUND,3500.0,2500.0,3000.0,6000.0,2
1990,3,153.0,TWU LOCAL 100,2500.0,1000.0,2000.0,6000.0,3
1997,3,164.0,32BJ UNITED ADF,5000.0,1000.0,2571.428571428572,18000.0,7
1998,3,165.0,LOCAL 6 COPE,6800.0,1250.0,3841.666666666666,23050.0,6
2005,3,188.0,LAWPAC OF NEW YORK,17300.0,2000.0,4588.88888888889,41300.0,9
2007,3,196.0,1199 SEIU NYS,7500.0,3500.0,4916.666666666667,29500.0,6
2044,3,523.0,RPAC OF NYS,6000.0,1000.0,3437.5,27500.0,8
2088,3,793.0,VOTE/COPE,5000.0,1000.0,2700.0,27000.0,10
2100,3,876.0,NY HOTEL TRADES COUNCIL NON FEDERAL COPE,6800.0,1250.0,3650.0,25550.0,7
2754,4,117.0,MASON TENDERS DISTRICT COUNCIL PAC,7000.0,5000.0,6000.0,12000.0,2
2760,4,142.0,NEW YORK STATE LABORERS PAC,7000.0,7000.0,7000.0,7000.0,1
2765,4,153.0,TWU LOCAL 100,2500.0,2500.0,2500.0,5000.0,2
2769,4,164.0,32BJ UNITED ADF,5000.0,5000.0,5000.0,5000.0,1
2770,4,165.0,LOCAL 6 COPE,5000.0,3500.0,4250.0,8500.0,2
2775,4,188.0,LAWPAC,11000.0,2000.0,7600.0,22800.0,3
2778,4,196.0,1199 SEIU - NYS PAF,11000.0,11000.0,11000.0,11000.0,1
2802,4,523.0,REALTORS PAC OF NYS,1000.0,500.0,750.0,1500.0,2
2813,4,793.0,VOTE/COPE,750.0,750.0,750.0,750.0,1
2821,4,876.0,NY HOTEL TRADES COUNCIL NON-FEDERAL COPE,5000.0,3500.0,4250.0,8500.0,2
5718,5,117.0,MASON TENDERS DISTRICT COUNCIL GREATER NY PAC,5000.0,2500.0,4166.666666666667,12500.0,3
5724,5,142.0,NEW YORK STATE LABORERS PAC,5000.0,5000.0,5000.0,5000.0,1
5730,5,153.0,TRANSPORT WORKERS UNION LOCAL 100,2500.0,500.0,1375.0,11000.0,8
5736,5,164.0,32BJ UNITED ADF,1000.0,1000.0,1000.0,1000.0,1
5740,5,188.0,LAWPAC OF NEW YORK,7000.0,1000.0,3285.714285714286,23000.0,7
5743,5,196.0,1199 SEIU - NYS PAF,5000.0,3000.0,3833.333333333334,11500.0,3
5756,5,523.0,REAL ESTATE BOARD PAC,5000.0,1000.0,2571.428571428572,18000.0,7
5766,5,793.0,VOTE/COPE,5000.0,500.0,1714.2857142857142,12000.0,7
6285,6,117.0,MASON TENDERS DISTRICT COUNCIL,5000.0,2000.0,2750.0,11000.0,4
6291,6,142.0,NYS LABORERS PAC STATE FUND,2500.0,1000.0,2000.0,12000.0,6
6298,6,153.0,TRANSPORT WORKERS UNION LOCAL 100,2000.0,500.0,1375.0,5500.0,4
6305,6,164.0,32BJ UNITED ADF,1500.0,500.0,916.6666666666665,2750.0,3
6311,6,188.0,LAWPAC OF NEW YORK,8000.0,1000.0,2666.6666666666665,24000.0,9
6315,6,196.0,1199 SEIU,5000.0,2000.0,3500.0,14000.0,4
6340,6,523.0,RPAC OF NYS,5000.0,500.0,1600.0,24000.0,15
6359,6,793.0,VOICE OF TEACHERS FOR EDUCATION,3000.0,500.0,1500.0,15000.0,10
6770,7,117.0,MASON TENDERS DISTRICT COUNCIL,5500.0,2000.0,3875.0,15500.0,4
6775,7,142.0,NYS LABORERS,5000.0,2500.0,3750.0,7500.0,2
6786,7,164.0,32BJ UNITED ADF,4500.0,500.0,1800.0,9000.0,5
6787,7,165.0,LOCAL 6 COMMITTEE ON POLITICAL EDUCATION,2500.0,1500.0,2000.0,4000.0,2
6790,7,188.0,LAWPAC OF NY,7000.0,1000.0,2307.692307692308,30000.0,13
6792,7,196.0,1199 SEIU NYS POLITICAL ACTION FUND,7500.0,3500.0,5600.0,28000.0,5
6817,7,523.0,RPAC OF NYS,1000.0,250.0,519.2307692307694,6750.0,13
6836,7,793.0,VOTE/COPE PAC,6500.0,300.0,2208.333333333333,26500.0,12
6842,7,876.0,NY HOTEL TRADES COUNCIL NON-FEDERAL COPE,2500.0,1500.0,2000.0,4000.0,2
7125,9,164.0,32BJ UNITED ADF,2500.0,1000.0,1750.0,3500.0,2
7126,9,165.0,NEW YORK STATE UNITED TEACHERS,11000.0,5000.0,8000.0,16000.0,2
7127,9,196.0,1199 SEIU - NYS POLITICAL ACTION FUND,11000.0,11000.0,11000.0,11000.0,1
7136,9,876.0,NEW YORK HOTEL TRADES COUNCIL COMMITTEE,5000.0,5000.0,5000.0,5000.0,1
10752,10,164.0,32BJ UNITED ADF,1000.0,1000.0,1000.0,1000.0,1
10754,10,188.0,LAWPAC OF NEW YORK,11000.0,1000.0,7333.333333333332,22000.0,3
10755,10,196.0,1199 SEIU - NYS POLITICAL ACTION FUND,10300.0,2000.0,5260.0,26300.0,5
10768,10,793.0,VOTE COPE POLITICAL ACTION OF NYS UNITED TEACHERS,7000.0,500.0,2110.0,10550.0,5
11140,12,117.0,MTDCPAC GENERAL ACCOUNT (MR. MICHAEL MCGUIRE),5000.0,5000.0,5000.0,5000.0,1
11145,12,142.0,NEW YORK STATE LABORERS - POLITICAL ACTION COMMITT,2500.0,500.0,1875.0,7500.0,4
11148,12,153.0,TRANSPORT WORKERS UNION LOCAL 100 PAC,2500.0,500.0,2000.0,16000.0,8
11153,12,164.0,LOCAL 32BJ NY/NJ AMERICAN DREAM FUND,1500.0,500.0,1000.0,4000.0,4
11154,12,165.0,LOCAL 6 COMMITTEE ON POLITICAL EDUCATION,2500.0,1250.0,1666.666666666667,5000.0,3
11158,12,188.0,LAWPAC OF NEW YORK,6000.0,1000.0,2700.0,27000.0,10
11160,12,196.0,1199 SEIU NYS POLITICAL ACTION FUND,5000.0,2000.0,3500.0,10500.0,3
11179,12,523.0,REAL ESTATE BOARD PAC,5000.0,500.0,2000.0,6000.0,3
11199,12,793.0,VOTE/COPE ON POLITICAL EDUCATION OF THE NEW YORK S,2950.0,450.0,1650.0,14850.0,9
11202,12,876.0,NY HOTEL & MOTEL TRADES COUNCIL COMM ON POLITICAL,2500.0,1250.0,1875.0,3750.0,2
11981,14,117.0,LABORERS' INTERNATIONAL UNION OF NORTH AMERICA; MA,5000.0,2000.0,3300.0,16500.0,5
11990,14,142.0,NEW YORK STATE LABORERS  PAC-STATE FUND,5000.0,500.0,3187.5,25500.0,8
11999,14,153.0,TRANSPORT WORKERS UNION (TWU) LOCAL 100 PAC STATE,2500.0,2500.0,2500.0,2500.0,1
12006,14,164.0,LOCAL 32BJ NY/NJ AMERICAN DREAM FUND,1500.0,250.0,750.0,2250.0,3
12007,14,165.0,LOCAL 6 COMMITTEE ON POLITICAL EDUCATION,2500.0,1000.0,1666.666666666667,5000.0,3
12013,14,188.0,LAWPAC OF NEW YORK TRANSFER ACCOUNT,5000.0,1000.0,1625.0,13000.0,8
12018,14,196.0,1199 SEIU - NYS POLITICAL ACTION FUND,7000.0,4000.0,5333.333333333333,16000.0,3
12061,14,523.0,REALTORS POLITICAL ACTION COMMITTEE (RPAC) NEW YOR,2000.0,500.0,972.2222222222223,8750.0,9
12097,14,793.0,"VOTE-COPE, NYSUT'S PAC",3000.0,500.0,1479.166666666667,17750.0,12
12106,14,876.0,NY HOTEL AND MOTEL TRADES COUNCIL NON FEDERAL COPE,2500.0,1500.0,2000.0,4000.0,2
12531,15,117.0,MASON TENDERS DISTRICT COUNCIL GREATER NY PAC,2000.0,500.0,1083.3333333333333,3250.0,3
12535,15,142.0,NEW YORK STATE LABORERS PAC,1000.0,1000.0,1000.0,1000.0,1
12549,15,188.0,LAWPAC OF NY,3000.0,500.0,1375.0,22000.0,16
12579,15,523.0,RPAC OF NYS,10500.0,250.0,1240.4761904761906,26050.0,21
12607,15,793.0,VOTE/COPE,2500.0,300.0,742.8571428571429,5200.0,7
13093,16,153.0,TRANSPORT WORKERS UNION AFL CIO LOCAL 100,1750.0,758.58,1254.29,2508.58,2
13096,16,164.0,32 BJ SEIU NY/NJ ADF,2000.0,2000.0,2000.0,2000.0,1
13098,16,188.0,LAWPAC OF NEW YORK,11000.0,1000.0,5500.0,22000.0,4
13100,16,196.0,1199 SEIU - NYS POLITICAL ACTION FUND,7000.0,7000.0,7000.0,7000.0,1
13107,16,793.0,VOTE COPE,1000.0,600.0,866.6666666666665,2600.0,3
13541,17,117.0,MASON TENDERS DISTRICT COUNCIL PAC,800.0,800.0,800.0,800.0,1
13543,17,142.0,NEW YORK STATE LABORERS PAC -STATE FUND,1000.0,1000.0,1000.0,1000.0,1
13545,17,153.0,"TRANSPORTATION WORKERS UNION (TWU), LOCAL 100",500.0,500.0,500.0,500.0,1
13549,17,164.0,"SEIU, LOCAL 32BJ",1500.0,1400.0,1466.666666666667,4400.0,3
13550,17,165.0,LOCAL 6 COMMITTEE ON POLITICAL EDUCATION,4400.0,4400.0,4400.0,4400.0,1
13551,17,188.0,LAW PAC,5000.0,1000.0,2600.0,10400.0,4
13554,17,196.0,SEIU 1199 PAC,4400.0,2000.0,3300.0,9900.0,3
13563,17,793.0,NYSUT VOTE/COPE,3400.0,1000.0,2200.0,4400.0,2
13565,17,876.0,NY HOTEL TRADES COUNCIL,4400.0,4400.0,4400.0,4400.0,1
13807,18,117.0,MASON TENDERS DISTRICT COUNCIL PAC,3500.0,500.0,1900.0,9500.0,5
13813,18,142.0,NEW YORK STATE LABORERS PAC,4000.0,500.0,1833.333333333333,11000.0,6
13817,18,153.0,TRANSPORT WORKERS UNION LOCAL 100,1000.0,1000.0,1000.0,1000.0,1
13822,18,164.0,32BJ UNITED ADF,2000.0,1000.0,1400.0,7000.0,5
13823,18,165.0,LOCAL 6 COMMITTEE ON POLITICAL EDUCATION,6000.0,2500.0,4875.0,19500.0,4
13828,18,188.0,LAWPAC OF NEW YORK,9500.0,500.0,3754.5454545454545,41300.0,11
13832,18,196.0,1199 SEIU - NYS PAC,11000.0,3500.0,5700.0,28500.0,5
13845,18,523.0,REAL ESTATE BOARD PAC,1000.0,250.0,650.0,3250.0,5
13866,18,793.0,VOICE OF TEACHERS FOR EDUCATION,6000.0,500.0,2988.888888888889,26900.0,9
13871,18,876.0,NEW YORK HOTEL TRADES COUNCIL COPE,6000.0,1000.0,3600.0,18000.0,5
14568,19,142.0,NEW YORK STATE LABORERS PAC,1000.0,500.0,750.0,1500.0,2
14572,19,164.0,SEIU LOCAL 32BJ NY/NJ AMERICAN DREAM FUND,3000.0,2000.0,2500.0,5000.0,2
14573,19,165.0,LOCAL 6 C.O.P.E,5000.0,1500.0,3600.0,18000.0,5
14575,19,188.0,LAWPAC OF NEW YORK,10000.0,1000.0,4600.0,23000.0,5
14578,19,196.0,1199 SEIU - NYS POLITICAL ACTION FUND,7000.0,3000.0,4375.0,17500.0,4
14583,19,523.0,RPAC OF NEW YORK STATE,1000.0,1000.0,1000.0,1000.0,1
14589,19,793.0,VOTE/COPE OF THE NYS UNITED TEACHERS - STATE ACCOU,11000.0,1000.0,6000.0,12000.0,2
14593,19,876.0,NY HOTEL & MOTEL TRADES COUNCIL NON FEDERAL C.O.P.,5000.0,1500.0,3600.0,18000.0,5
14797,20,164.0,32BJ UNITED ADF,500.0,500.0,500.0,500.0,1
14799,20,188.0,LAW PAC,11000.0,1000.0,7333.333333333332,22000.0,3
14800,20,196.0,1199 SEIU - NYS POLITICAL ACTION FUND,3500.0,3000.0,3250.0,6500.0,2
14803,20,523.0,RPAC OF NEW YORK STATE,500.0,500.0,500.0,500.0,1
14806,20,793.0,VOICE OF TEACHERS  (VOTE/COPE),1000.0,500.0,750.0,1500.0,2
14839,21,153.0,TWU LOCAL 100,2500.0,1000.0,2000.0,6000.0,3
14842,21,164.0,32BJ SEIU POLITICAL ACTION COMMITTE,2000.0,1000.0,1700.0,8500.0,5
14843,21,165.0,LOCAL 6 COMMITTEE ON POLITICAL EDUCATION,11000.0,1000.0,4100.0,20500.0,5
14848,21,188.0,LAW PAC OF NEW YORK,5000.0,1000.0,3000.0,15000.0,5
14849,21,196.0,1199 SEIU NYS PAF,3500.0,2000.0,2833.333333333333,8500.0,3
14886,21,793.0,VOTE/COPE OF THE NYS UNITED TEACHERS - STATE ACCOU,750.0,500.0,583.3333333333334,1750.0,3
14889,21,876.0,HOTEL TRADES COUNCIL,3500.0,1000.0,2400.0,12000.0,5
16703,22,117.0,MASON TENDERS DISTRICT COUNCIL,7000.0,7000.0,7000.0,7000.0,1
16717,22,164.0,LOCAL 32BJ NY/NJ DREAM FUND,5000.0,5000.0,5000.0,5000.0,1
16718,22,165.0,LOCAL 6 COMMITTEE ON POLITICAL EDUCATION,3500.0,3500.0,3500.0,3500.0,1
16720,22,188.0,LAWPAC OF NEW YORK,11000.0,1000.0,6000.0,12000.0,2
16722,22,196.0,1199 SEIU - NYS POLITICAL ACTION FUND,11000.0,3000.0,7000.0,14000.0,2
16745,22,793.0,VOICE OF TEACHERS FOR EDUCATION,11000.0,7000.0,9666.666666666666,29000.0,3
16747,22,876.0,NY HOTEL AND MOTEL TRADES COUNCIL,3500.0,3500.0,3500.0,3500.0,1
23087,23,117.0,MASON TENDERS DISTRICT COUNCIL OF GREATER NEW YORK,2500.0,2500.0,2500.0,2500.0,1
23093,23,142.0,NEW YORK STATE LABORERS PAC-STATE FUND,5000.0,1000.0,2333.333333333333,7000.0,3
23101,23,164.0,32BJ UNITED ADF,5000.0,250.0,2312.5,9250.0,4
23102,23,165.0,LOCAL 6 COMMITTEE ON POLITICLA EDUCATION,11000.0,1000.0,3583.333333333333,21500.0,6
23106,23,188.0,LAWPAC OF NEW YORK,2000.0,500.0,1111.111111111111,10000.0,9
23108,23,196.0,1199 SEIU - NYS POLITICAL ACTION FUND,5000.0,1900.0,3066.666666666666,18400.0,6
23127,23,523.0,RPAC OF NEW YORK STATE,9800.0,250.0,2179.4117647058824,37050.0,17
23142,23,793.0,VOTE COPE,5000.0,500.0,2231.25,17850.0,8
23150,23,876.0,NY HOTEL TRADES COUNCIL,11000.0,1000.0,3583.333333333333,21500.0,6
23519,24,117.0,MASON TENDERS DISTRICT COUNCIL PAC,7000.0,1000.0,3333.333333333333,10000.0,3
23526,24,142.0,NEW YORK STATE LABORERS PAC,5000.0,1000.0,3000.0,6000.0,2
23530,24,153.0,TWU LOCAL 100,2000.0,500.0,1166.6666666666667,3500.0,3
23536,24,164.0,32BJ UNITED ADF,2000.0,1000.0,1333.3333333333333,4000.0,3
23537,24,165.0,LOCAL 6 COPE,5000.0,2500.0,3800.0,19000.0,5
23541,24,188.0,LAWPAC OF NY,7000.0,500.0,2500.0,30000.0,12
23544,24,196.0,1199 SEIU,7500.0,1000.0,4583.333333333333,27500.0,6
23571,24,523.0,RPAC OF NYS,250.0,250.0,250.0,250.0,1
23597,24,793.0,VOTE/COPE,7000.0,250.0,2250.0,27000.0,12
23603,24,876.0,NY HOTEL TRADES COUNCIL COPE,5000.0,2000.0,3000.0,24000.0,8
24176,25,164.0,32BJ,7000.0,1000.0,3500.0,10500.0,3
24177,25,165.0,LOCAL 6 COMMITTEE ON POLITICAL EDUCATION,3500.0,3500.0,3500.0,10500.0,3
24179,25,188.0,LAWPAC OF NEW YORK,5000.0,5000.0,5000.0,5000.0,1
24181,25,196.0,1199 SEIU,11000.0,4000.0,7500.0,15000.0,2
24198,25,793.0,NEW YORK STATE UNITED TEACHERS (NYSUT),11000.0,1000.0,6000.0,12000.0,2
24202,25,876.0,NY HOTEL TRADES COUNCIL,3500.0,3500.0,3500.0,3500.0,1
28061,26,117.0,MASON TENDERS DISTRICT COUNCIL GREATER NY PAC,10400.0,2500.0,5100.0,25500.0,5
28070,26,142.0,NEW YORK STATE LABORERS' PAC,6000.0,1000.0,2785.714285714286,19500.0,7
28074,26,153.0,TRANSPORT WORKERS UNION LOCAL 100,5000.0,500.0,2083.333333333333,12500.0,6
28081,26,164.0,LOCAL 32BJ NY/NJ AMERICAN DREAM FUND,5000.0,1000.0,2875.0,23000.0,8
28082,26,165.0,LOCAL 6 COMMITTEE ON POLITICAL EDUCATION,7000.0,2500.0,5257.142857142857,36800.0,7
28089,26,188.0,LAWPAC OF NEW YORK,7000.0,1500.0,2916.666666666666,35000.0,12
28093,26,196.0,1199 SEIU - NYS POLITICAL ACTION FUND,11000.0,4000.0,7200.0,36000.0,5
28134,26,523.0,RPAC OF NEW YORK STATE,8500.0,500.0,2950.0,29500.0,10
28178,26,793.0,VOTE COPE COMMITTEE ON POLITICAL EDUCATION OF NYSU,9300.0,200.0,2550.0,40800.0,16
28187,26,876.0,"NEW YORK HOTEL AND MOTEL TRADES COUNCIL, NON FEDER",7000.0,2500.0,5257.142857142857,36800.0,7
29665,27,117.0,"MASON TENDERS DISTRICT COUNCIL, GREATER NY PAC",5000.0,1000.0,2600.0,13000.0,5
29671,27,142.0,NYS STATE LABORERS PAC-STATE FUND,7000.0,5000.0,6000.0,12000.0,2
29676,27,153.0,TRANSPORT WORKERS UNION LOCAL 100,2000.0,1000.0,1250.0,5000.0,4
29679,27,164.0,32BJ UNITED ADF,3000.0,1000.0,1916.666666666667,11500.0,6
29680,27,165.0,NEW YORK STATE UNITED TEACHERS,11000.0,5000.0,7500.0,30000.0,4
29684,27,188.0,LAWPAC OF NEW YORK,11000.0,1000.0,2900.0,29000.0,10
29686,27,196.0,1199 SEIU-NYS POLITICAL ACTION FUND,7000.0,4000.0,6000.0,18000.0,3
29709,27,523.0,REAL ESTATE BOARD PAC,7000.0,250.0,2031.25,16250.0,8
29733,27,793.0,VOICE FOR TEACHERS FOR EDUCATION PAC,1500.0,370.0,790.0,2370.0,3
29737,27,876.0,NY HOTEL TRADES COUNCIL,7000.0,5000.0,6333.333333333332,19000.0,3
30054,28,117.0,MASON TENDERS - PAC,2200.0,1000.0,1600.0,3200.0,2
30058,28,142.0,NYS LABORERS - PAC,2200.0,1200.0,1700.0,3400.0,2
30062,28,153.0,TWU LOCAL 100 - POLITICAL CONTRIBUTION ACCT,1000.0,1000.0,1000.0,1000.0,1
30069,28,165.0,LOCAL 6 COMMITTEE ON POLITICAL EDUCATION,2000.0,2000.0,2000.0,2000.0,1
30074,28,188.0,LAWPAC OF NEW YORK,4400.0,1000.0,2200.0,8800.0,4
30077,28,196.0,1199 SIEU - NYS PAC FUND,4400.0,2000.0,3600.0,10800.0,3
30098,28,793.0,VOICE OF TEACHERS FOR EDUCATION (VOTE/COPE),4400.0,300.0,1357.142857142857,9500.0,7
30103,28,876.0,NY HOTAL TRADES COUNCIL NON-FEDERAL COPE,4400.0,2000.0,3200.0,6400.0,2
30481,29,153.0,TRANSPORT WORKERS UNION LOCAL 100,1000.0,500.0,750.0,1500.0,2
30489,29,164.0,32BJ UNITED ADF,500.0,500.0,500.0,500.0,1
30490,29,165.0,LOCAL 6 COMMITTEE ON POLITICAL EDUCATION,1000.0,1000.0,1000.0,1000.0,1
30495,29,188.0,LAWPAC OF NEW YORK,1000.0,1000.0,1000.0,4000.0,4
30499,29,196.0,1199 SEIU NYS PAC,2500.0,2500.0,2500.0,2500.0,1
30516,29,523.0,REAL ESTATE BOARD PAC,500.0,250.0,416.66666666666674,1250.0,3
30539,29,793.0,VOICE OF TEACHERS VOTE/COPE NYSUT STATE ACCOUNT,2500.0,50.0,935.0,9350.0,10
30543,29,876.0,NEW YORK HOTEL TRADES COUNCIL NON FEDERAL COPE,1000.0,1000.0,1000.0,1000.0,1
31088,31,117.0,MASON TENDERS DISTRICT COUNCIL PAC,1000.0,1000.0,1000.0,1000.0,1
31091,31,142.0,NEW YORK STATE LABORERS PAC,1000.0,1000.0,1000.0,1000.0,1
31096,31,164.0,32BJ UNITED ADF,1500.0,1000.0,1250.0,2500.0,2
31097,31,165.0,LOCAL 6 COMMITTEE ON POLITICAL EDUCATION,2200.0,250.0,1225.0,2450.0,2
31099,31,188.0,LAWPAC OF NEW YORK,3400.0,500.0,1380.0,6900.0,5
31101,31,196.0,1199 SEIU- NYS POLITICAL ACTION FUND,2200.0,1000.0,1850.0,7400.0,4
31114,31,523.0,RPAC OF NEW YORK STATE,1000.0,250.0,538.4615384615385,7000.0,13
31128,31,793.0,VOICE OF TEACHERS FOR EDUCATION,2000.0,250.0,625.0,4375.0,7
31133,31,876.0,NEW YORK CITY HOTEL TRADES COUNCIL,2200.0,1000.0,1600.0,3200.0,2
31392,32,117.0,MASON TENDERS DC OF GREAT NY PAC,2200.0,2200.0,2200.0,2200.0,1
31397,32,165.0,LOCAL 3 COMMITTEE ON POLITICAL EDUCATION,4700.0,4700.0,4700.0,4700.0,1
31398,32,188.0,LAWPAC,1000.0,1000.0,1000.0,1000.0,1
31399,32,196.0,1199 SEIU - NYS,2200.0,1000.0,1600.0,3200.0,2
31404,32,523.0,REAL ESTATE BOARD PAC,1000.0,1000.0,1000.0,1000.0,1
31409,32,793.0,NYSUT,2000.0,750.0,1350.0,6750.0,5
31413,32,876.0,NEW YORK HOTEL TRADES COUNCIL CMT ON POL ED,4700.0,4700.0,4700.0,4700.0,1
31733,33,142.0,NYS LABORERS PAC -STATE FUND,800.0,800.0,800.0,800.0,1
31739,33,188.0,LAWPAC OF NY,800.0,800.0,800.0,800.0,1
31741,33,196.0,1199 SEIU - POLITICAL ACTION FUND,2200.0,1000.0,1600.0,3200.0,2
31753,33,523.0,REAL ESTATE BOARD PAC,2000.0,250.0,868.1818181818181,9550.0,11
31768,33,793.0,VOTE/COPE CMMTTEE POLITICAL EDUCATN NYS TEACHERS,1000.0,400.0,740.0,3700.0,5
31900,34,117.0,MASON TENDERS DISTRICT COUNCIL OF GRTR NY PAC,500.0,500.0,500.0,500.0,1
31905,34,142.0,NEW YORK STATE LABORERS - PAC STATE FUND,2000.0,1000.0,1333.3333333333333,4000.0,3
31911,34,153.0,TRANSPORT WORKERS UNION LOCAL 100,1500.0,500.0,928.5714285714287,6500.0,7
31916,34,164.0,32BJ UNITED ADF,2000.0,500.0,1428.571428571429,10000.0,7
31917,34,165.0,LOCAL 6 COMMITTEE OF POLITICAL EDUCATION,2000.0,2000.0,2000.0,2000.0,1
31921,34,188.0,LAWPAC OF NEW YORK,2400.0,1000.0,1800.0,5400.0,3
31923,34,196.0,1199 SEIU,4100.0,2000.0,2766.666666666666,8300.0,3
31935,34,523.0,REAL ESTATE BOARD PAC,4400.0,250.0,2325.0,4650.0,2
31943,34,793.0,VOICE OF TEACHERS FOR EDUCATION,4400.0,250.0,1656.25,13250.0,8
31949,34,876.0,NY HOTEL TRADES COUNCIL,2000.0,2000.0,2000.0,2000.0,1
32880,35,117.0,MASON TENDERS DISTRICT COUNCIL OF GREATER NY PAC,4400.0,1000.0,2700.0,5400.0,2
32888,35,153.0,TRANSPORT WORKERS UNION LOCAL 100,500.0,500.0,500.0,500.0,1
32892,35,164.0,32BJ UNITED ADF,2000.0,500.0,1250.0,2500.0,2
32893,35,165.0,LOCAL 6 COMMITTEE ON POLITICAL EDUCATION,2500.0,1500.0,2000.0,4000.0,2
32896,35,188.0,LAWPAC OF NEW YORK,4400.0,500.0,1960.0,9800.0,5
32898,35,196.0,1199 SEIU NYS PAC,2200.0,1000.0,1600.0,3200.0,2
32908,35,793.0,VOTE/COPE,4400.0,4400.0,4400.0,8800.0,2
32909,35,876.0,NY HOTEL TRADES COUNCIL NON FEDERAL COPE,2500.0,1500.0,2000.0,4000.0,2
33291,36,117.0,MASON TENDERS DISTRICT COUNCIL OF GREATER NY PAC,2200.0,2200.0,2200.0,2200.0,1
33294,36,142.0,NEW YORK STATE LABORERS PAC -STATE FUND,2200.0,1000.0,1600.0,3200.0,2
33298,36,188.0,LAWPAC OF NEW YORK,2400.0,2000.0,2200.0,4400.0,2
33299,36,196.0,1199 SEIU- POLITICAL ACTION FUND,4400.0,4400.0,4400.0,4400.0,1
33306,36,523.0,RPAC OF NEW YORK STATE,1000.0,1000.0,1000.0,2000.0,2
33336,37,196.0,1199 SEIU  NYS POLITICAL ACTION FUND,2000.0,2000.0,2000.0,2000.0,1
33338,37,523.0,RPAC OF NEW YORK STATE,1000.0,1000.0,1000.0,1000.0,1
33347,38,153.0,TWU LOCAL 100 POLITICAL CONTRIBUTIONS COMMITTEE,500.0,500.0,500.0,500.0,1
33351,38,188.0,LAWPAC OF NEW YORK,4400.0,4400.0,4400.0,4400.0,1
33352,38,196.0,1199 SEIU- NYS PA FUND,4400.0,1000.0,2700.0,5400.0,2
33360,38,793.0,VOICE OF TEACHERS FOR EDUCATION,4400.0,4400.0,4400.0,8800.0,2
33543,40,153.0,TRANSPORT WORKERS UNION LOCAL 100,500.0,250.0,375.0,750.0,2
33546,40,164.0,LOCAL 328J SEIU,500.0,500.0,500.0,500.0,1
33548,40,188.0,LAWPAC OF NEW YORK,2000.0,1000.0,1333.3333333333333,4000.0,3
33550,40,196.0,1199 SEIU-NYS POLITICAL ACTION FUND,4400.0,1000.0,2850.0,11400.0,4
33558,40,523.0,RPAC OF NEW YORK STATE,1000.0,1000.0,1000.0,2000.0,2
33571,40,793.0,VOICE OF TEACHERS FOR EDUCATION,500.0,325.0,441.66666666666674,1325.0,3
33676,42,142.0,NEW YORK STATE LABORERS PAC--STATE FUND,1000.0,1000.0,1000.0,2000.0,2
33691,42,164.0,32BJ UNITED ADF,500.0,500.0,500.0,500.0,1
33692,42,165.0,LOCAL 6 COMMITTEE ON POLITICAL EDUCATION,3700.0,1000.0,2350.0,4700.0,2
33694,42,188.0,LAWPAC OF NY,4700.0,1000.0,1940.0,9700.0,5
33697,42,196.0,1199 SEIU - NYS POLITICAL ACTION FUND,2200.0,2000.0,2100.0,4200.0,2
33716,42,523.0,RPAC OF NEW YORK STATE,500.0,500.0,500.0,1500.0,3
33732,42,793.0,VOTE/COPE,4500.0,200.0,1820.0,9100.0,5
33735,42,876.0,NEW YORK HOTEL TRADES COUNCIL - NON FEDERAL COPE,3700.0,1000.0,2350.0,4700.0,2
33979,43,117.0,MASON TENDERS DISTRICT COUNCIL GREATER NY PAC,1100.0,1000.0,1033.3333333333333,3100.0,3
33983,43,142.0,NYS LABORERES PAC-STATE FUND,1000.0,1000.0,1000.0,1000.0,1
33989,43,165.0,LOCAL 6 COMMITTEE ON POLITAICAL EDU,4700.0,4700.0,4700.0,4700.0,1
33991,43,188.0,LAWPAC OF NEW YORK,1000.0,1000.0,1000.0,3000.0,3
33992,43,196.0,1199 SEIU NYS PAC,2200.0,1000.0,1600.0,3200.0,2
34001,43,793.0,VOTE/COPE,4700.0,1000.0,3366.666666666666,10100.0,3
34003,43,876.0,NY HOTEL TRADES COUNCIL,4700.0,4700.0,4700.0,4700.0,1
34217,44,117.0,MASON TENDERS DISTRICT COUNCIL OF GREATER NY PAC,2200.0,400.0,1300.0,2600.0,2
34223,44,153.0,TRANSWORKER UNION LOCAL 100,1000.0,1000.0,1000.0,1000.0,1
34226,44,165.0,LOCAL 6 COMMITTEE ON POLITICAL EDUCATION,4400.0,4400.0,4400.0,8800.0,2
34227,44,188.0,LAWPAC OF NEW YORK,4400.0,1000.0,3266.666666666666,9800.0,3
34228,44,196.0,1099 SEIU NYS PAC,4400.0,4400.0,4400.0,4400.0,1
34234,44,793.0,VOICE OF TEACHERS FOR EDUCATION (VOTE/COPE) OF NYS,2000.0,2000.0,2000.0,2000.0,1
34238,44,876.0,NY HOTEL TRADES COUNCIL,4400.0,4400.0,4400.0,8800.0,2
35548,45,142.0,NYS LABORERS POLITICAL ACTION COMMITEE-STATE FUND,2000.0,2000.0,2000.0,2000.0,1
35550,45,188.0,LAWPAC OF NEW YORK,3400.0,1000.0,1960.0,9800.0,5
35555,45,523.0,RPAC OF NEW YORK STATE,1000.0,1000.0,1000.0,1000.0,1
35560,45,793.0,VOTE/COPE (VOICE OF TEACHERS FOR EDUCATION),1500.0,1500.0,1500.0,1500.0,1
35563,45,948.0,N.Y.C. CAMPAIGN FINANCE BOARD,537789.0,537789.0,537789.0,537789.0,1
37325,46,153.0,TRANSPORT WORKERS UNION LOCAL 100,1500.0,500.0,1000.0,2000.0,2
37331,46,188.0,LAWPAC OF NEW YORK,2400.0,400.0,1633.333333333333,9800.0,6
37333,46,196.0,1199 SEIU - NYS POLITICAL ACTION FUND,2200.0,2000.0,2100.0,4200.0,2
37347,46,523.0,RPAC OF NEW YORK STATE,1000.0,500.0,916.6666666666665,5500.0,6
37372,46,793.0,VOTE COPE,1000.0,500.0,750.0,3000.0,4
37475,47,117.0,MASON TENDERS' DISTRICT COUNCIL OF GNY,1000.0,1000.0,1000.0,1000.0,1
37481,47,142.0,NEW YORK STATE LABORERS PAC,1900.0,1500.0,1700.0,3400.0,2
37484,47,153.0,TRANSPORT WORKERS UNION,2700.0,1000.0,2050.0,8200.0,4
37487,47,164.0,32BJ UNITED ADF,2500.0,500.0,1214.2857142857142,8500.0,7
37488,47,165.0,LOCAL 6 COMMITTEE ON POLITICAL EDUCATION,1000.0,1000.0,1000.0,1000.0,1
37493,47,188.0,TRIAL LAWYERS LAW PAC,1000.0,400.0,914.2857142857144,6400.0,7
37495,47,196.0,1199 SEIU NYS POLITICAL ACTION  FUND,4400.0,2200.0,3300.0,6600.0,2
37515,47,523.0,RPAC OF NEW YORK STATE,500.0,500.0,500.0,1000.0,2
37530,47,793.0,NYSUT/UUP,3200.0,400.0,1235.0,12350.0,10
37534,47,876.0,"NEW YORK HOTEL TRADES COUNCIL, NON FEDERAL COPE",1000.0,1000.0,1000.0,1000.0,1
38143,48,117.0,MASON TENDERS DISTRICT COUNCIL,4400.0,4400.0,4400.0,4400.0,1
38145,48,153.0,TRANSPORT WORKERS UNION LOCAL 100,5000.0,2700.0,3850.0,7700.0,2
38148,48,164.0,SEIU 32BJ ADF,3000.0,1000.0,2000.0,4000.0,2
38151,48,188.0,LAWPAC OF NEW YORK,2000.0,2000.0,2000.0,2000.0,1
38154,48,196.0,1199 SEIU NYS POLITICAL ACTION FUND,4700.0,4100.0,4340.0,21700.0,5
38164,48,793.0,VOICE OF TEACHERS FOR EDUCATION,1000.0,500.0,750.0,1500.0,2
38486,49,117.0,MASON TENDERS D.C. GREATER NY,4400.0,1000.0,2750.0,11000.0,4
38489,49,142.0,NEW YORK STATE LABORERS,4400.0,4400.0,4400.0,4400.0,1
38496,49,164.0,32 BJ UNITED ADF,2000.0,2000.0,2000.0,2000.0,1
38497,49,165.0,LOCAL 6 COMMITTEE ON POLITICAL EDUCATION,4400.0,500.0,1880.0,9400.0,5
38500,49,188.0,LAWPAC OF NEW YORK,4400.0,1000.0,1850.0,7400.0,4
38502,49,196.0,1199 SEIU,4400.0,1000.0,2533.333333333333,7600.0,3
38518,49,793.0,NYS UNITED TEACHERS VOTE/COPE,1000.0,250.0,625.0,1250.0,2
38521,49,876.0,NEW YORK HOTEL TRADES COUNCIL,2000.0,500.0,1250.0,5000.0,4
39336,50,117.0,MASON TENDERS DISTRICT COUNCIL OF GREATER NY PAC,2500.0,2500.0,2500.0,2500.0,1
39340,50,142.0,NYS LABORERS POLITICAL ACTION COMMITTEE-STATE FUND,1000.0,1000.0,1000.0,1000.0,1
39346,50,165.0,LOCAL 6 COMMITTEE ON POLITICAL EDUCATION,1250.0,1250.0,1250.0,1250.0,1
39350,50,188.0,LAWPAC OF NEW YORK,1400.0,1000.0,1088.888888888889,9800.0,9
39352,50,196.0,1199 SEIU- NYS POLITICAL ACTION FUND,2200.0,1000.0,1800.0,5400.0,3
39359,50,523.0,RPAC OF NEW YORK STATE,1000.0,500.0,600.0,3000.0,5
39383,50,793.0,VOTE/COPE OF NYSUT,1000.0,700.0,850.0,1700.0,2
39389,50,876.0,NEW YORK HOTEL TRADES COUNCIL NON FEDERAL COPE,1250.0,1250.0,1250.0,1250.0,1
39687,51,117.0,MASON TENDERS' DISTRICT COUNCIL OF GREATER NY,2200.0,500.0,1350.0,2700.0,2
39690,51,153.0,TRANSPORT WORKERS UNION LOCAL 100,1500.0,500.0,1000.0,2000.0,2
39692,51,164.0,LOCAL 32BJ SEIU NY/ NJ ADF,2000.0,2000.0,2000.0,2000.0,1
39693,51,188.0,LAWPAC OF NEW YORK,4400.0,4400.0,4400.0,4400.0,1
39694,51,196.0,1199 SEIU- NYS POLITICAL ACTION FUND,4400.0,1000.0,2700.0,5400.0,2
40063,52,142.0,NEW YORK STATE LABORERS PAC,1000.0,500.0,750.0,1500.0,2
40067,52,153.0,TRANSPORTATION WORKERS UNION LOCAL 100,1000.0,500.0,812.5,3250.0,4
40072,52,196.0,1199 SEIU-NYS POLITICAL ACTION FUND,2200.0,2200.0,2200.0,2200.0,1
40094,52,793.0,VPICE OF TEACHERS FOR EDUCATION,2500.0,400.0,1483.333333333333,8900.0,6
41069,54,117.0,MASON TENDERS DISTRICT COUNCIL NY P.A.C.,500.0,500.0,500.0,500.0,1
41076,54,142.0,NYS LABORERS P.A.C.,1000.0,1000.0,1000.0,3000.0,3
41082,54,153.0,TRANSPORT WORKERS UNION LOCAL 100 PAC,5000.0,500.0,3300.0,9900.0,3
41089,54,165.0,LOCAL 6 COMMITTEE ON POLITICAL EDUCATION,4700.0,4700.0,4700.0,4700.0,1
41094,54,188.0,LAW P.A.C. OF NEW YORK,2400.0,1000.0,1328.5714285714287,9300.0,7
41097,54,196.0,1199 - S.E.I.U. NYS PAC,2200.0,2200.0,2200.0,2200.0,1
41126,54,523.0,R P.A.C. OF NEW YORK STATE,1000.0,250.0,541.6666666666666,3250.0,6
41160,54,793.0,NYS UNITED TEACHERS  VOTE/COPE,2500.0,300.0,1466.666666666667,13200.0,9
41168,54,876.0,NY HOTEL TRADES COUNCIL P.A.C.,4700.0,4700.0,4700.0,4700.0,1
41543,55,117.0,MASON TENDERS DISTRICT CN OF NY PAC,1000.0,1000.0,1000.0,1000.0,1
41549,55,153.0,TRANSPORT WORKERS UNION LOCAL 100 PAC,2000.0,250.0,850.0,4250.0,5
41558,55,188.0,LAWPAC OF NY,4400.0,1000.0,2700.0,13500.0,5
41560,55,196.0,1199SEIU - NYS PAC,1000.0,1000.0,1000.0,1000.0,1
41575,55,523.0,NYS ASSOCIATION OF REALTORS PAC,1000.0,500.0,583.3333333333334,3500.0,6
41602,55,793.0,VOICE OF TEACHERS EDUCATION COPE NYSUT,3700.0,500.0,1457.142857142857,10200.0,7
41811,56,196.0,1199 SEIU NYS POLITICAL ACTION,4400.0,2750.0,3575.0,7150.0,2
41819,56,793.0,NYS UNITED TEACHERS,4700.0,4700.0,4700.0,4700.0,1
41824,56,948.0,N.Y.C. CAMPAIGN FINANCE BOARD,95047.0,47.0,33366.666666666664,100100.0,3
42294,57,153.0,TWU LOCAL 100 (POLITICAL ACTION COMMITTEE),615.63,615.63,615.63,615.63,1
42298,57,188.0,LAWPAC OF NEW YORK,1000.0,1000.0,1000.0,1000.0,1
42300,57,196.0,1199 SEIU - NYS POLITICAL ACTION FUND,4400.0,1000.0,2700.0,5400.0,2
42304,57,793.0,"NYSUT, VOTE/COPE",2000.0,1500.0,1833.333333333333,5500.0,3
42638,58,117.0,MASON TENDERS DISTRICT COUNCIL,3900.0,500.0,1542.857142857143,10800.0,7
42642,58,142.0,NEW YORK STATE LABORERS PAC,1500.0,1200.0,1350.0,2700.0,2
42645,58,153.0,TRANSPORT WORKERS UNION LOCAL 100,500.0,250.0,375.0,1500.0,4
42650,58,164.0,32BJ UNITED ADF,2000.0,500.0,1233.3333333333333,7400.0,6
42651,58,165.0,LOCAL 6 COPE,2500.0,1500.0,2000.0,4000.0,2
42652,58,188.0,LAWPAC OF NEW YORK,1000.0,500.0,750.0,6000.0,8
42656,58,196.0,1199 SEIU PAF,4400.0,2000.0,3600.0,10800.0,3
42666,58,523.0,RPAC OF NYS,500.0,250.0,325.0,1300.0,4
42679,58,793.0,VOTE/COPE,4400.0,250.0,1350.0,5400.0,4
42684,58,876.0,NY HOTEL TRADES COUNCIL COPE,2500.0,1500.0,2000.0,4000.0,2
42926,59,117.0,MASON TENDERS' DISTRICT COUNCIL OF GREATER NEW YOR,2200.0,500.0,1350.0,2700.0,2
42929,59,142.0,NY STATE LABORERS POLITICAL ACTION COMMITTEE,2000.0,2000.0,2000.0,2000.0,1
42934,59,164.0,32 BJ SERVICE EMPLOYEES INTERNATIONAL UNION,500.0,500.0,500.0,1000.0,2
42935,59,165.0,LOCAL 6 COPE,4700.0,4700.0,4700.0,4700.0,1
42938,59,188.0,LAWPAC OF NEW YORK,2000.0,1000.0,1200.0,6000.0,5
42941,59,196.0,1199 SEIU,2200.0,1000.0,1600.0,3200.0,2
42950,59,523.0,RPAC OF NEW YORK STATE,500.0,500.0,500.0,500.0,1
42958,59,793.0,VOTE/ COPE,2700.0,300.0,1166.6666666666667,3500.0,3
42964,59,876.0,NY HOTEL TRADES COUNCIL,4700.0,4700.0,4700.0,4700.0,1
43224,60,117.0,MASON TENDERS DISTRICT COUNCIL,1000.0,500.0,750.0,1500.0,2
43230,60,153.0,TRANSPORT WORKERS UNION LOCAL 100,4400.0,900.0,2640.0,13200.0,5
43234,60,164.0,32BJ UNITED ADF,2500.0,2000.0,2333.333333333333,7000.0,3
43235,60,165.0,LOCAL 6 COMMITTEE ON POLITCAL EDUCATION,3400.0,2200.0,2800.0,5600.0,2
43239,60,188.0,LAWPAC OF NEW YORK,4400.0,1000.0,2133.333333333333,6400.0,3
43242,60,196.0,1199 SEIU,4400.0,4400.0,4400.0,4400.0,1
43260,60,523.0,RPAC OF NY STATE,300.0,250.0,275.0,550.0,2
43270,60,793.0,NYSUT - VOICE OF TEACHERS FOR EDUCATION,4100.0,250.0,1120.0,5600.0,5
43276,60,876.0,LOCAL 6 COMITTEE ON POLITICAL EDU,2200.0,1000.0,1600.0,3200.0,2
43479,61,153.0,TRANSPORT WORKERS UNION PAC,1000.0,1000.0,1000.0,1000.0,1
43482,61,164.0,32BJ UNITED,2000.0,1500.0,1750.0,3500.0,2
43484,61,188.0,LAW PAC OF NY,4400.0,2000.0,3200.0,6400.0,2
43487,61,196.0,1199 SEIU (GEORGE GRESHAM),4400.0,4400.0,4400.0,8800.0,2
43494,61,793.0,VOICES OF TEACHERS FOR ED. COMM.,1500.0,1500.0,1500.0,1500.0,1
43736,62,142.0,NEW YORK STATE LABORERS' INTERNATIONAL UNION OF NO,1500.0,700.0,1175.0,4700.0,4
43742,62,153.0,TRANSPORT WORKERS UNION LOCAL 100,1000.0,400.0,700.0,1400.0,2
43744,62,165.0,LOCAL 6  COMMITTEE ON POLITICAL EDUCATION,3200.0,1000.0,2100.0,8400.0,4
43748,62,188.0,LAWPAC OF NEW YORK,1000.0,1000.0,1000.0,7000.0,7
43750,62,196.0,1199 SEIU UNITED HEALTHCARE WORKERS,4400.0,4400.0,4400.0,4400.0,1
43763,62,523.0,RPAC OF NEW YORK STATE,500.0,500.0,500.0,1000.0,2
43777,62,793.0,VOTE/COPE COMMITTEE ON POLITICAL EDUCATION OF THE ,3000.0,70.0,834.2857142857142,5840.0,7
43780,62,876.0,NEW YORK HOTEL TRADES COUNCIL NON FEDERAL COPE,3200.0,1500.0,2466.6666666666665,7400.0,3
44273,63,153.0,TRANSPORT WORKERS LOCAL 100,2900.0,500.0,1960.0,9800.0,5
44277,63,164.0,32BJ UNITED FUND PAC,1000.0,1000.0,1000.0,2000.0,2
44278,63,165.0,LOCAL 6 COMMITTEEPAC,4400.0,4400.0,4400.0,4400.0,1
44280,63,188.0,LAWPAC OF NEW YORK,2400.0,1000.0,1400.0,9800.0,7
44282,63,196.0,1199 SEIU PAC,4700.0,4100.0,4400.0,13200.0,3
44312,63,793.0,VOTE COPE,2000.0,260.0,726.1111111111112,6535.0,9
44316,63,876.0,NY HOTEL TRADES COUNCIL PAC,4400.0,4400.0,4400.0,4400.0,1
44757,65,196.0,1199 SEIU,4400.0,4400.0,4400.0,4400.0,1
44877,66,164.0,32BJ UNITED ADF,2000.0,2000.0,2000.0,2000.0,1
44878,66,188.0,LAWPAC OF NEW YORK,1000.0,1000.0,1000.0,1000.0,1
44881,66,196.0,1199 SEIU PAC,4400.0,1000.0,2700.0,5400.0,2
44885,66,523.0,RPAC OF NYS,300.0,300.0,300.0,300.0,1
44890,66,793.0,VOTE PAC,2000.0,500.0,1500.0,4500.0,3
45205,67,793.0,NEW YORK STATE  UNITED TEACHERS,2000.0,300.0,1150.0,2300.0,2
45637,68,117.0,MASON TENDERS DISTRICT COUNCIL OF GREATER NY,1000.0,500.0,750.0,1500.0,2
45640,68,142.0,NYS LABORERS PAC- STATE FUND,2000.0,500.0,1250.0,2500.0,2
45651,68,165.0,NEW YORK STATE UNITED TEACHERS,600.0,600.0,600.0,600.0,1
45655,68,188.0,LAWPAC OF NEW YORK,1000.0,500.0,850.0,6800.0,8
45658,68,196.0,1199 SEIU,2200.0,1000.0,1600.0,3200.0,2
45684,68,523.0,RPAC OF NEW YORK STATE,2000.0,250.0,831.8181818181819,18300.0,22
45718,68,793.0,VOTE COPE OF THE NYS UNITED TEACHERS,425.0,150.0,298.3333333333333,895.0,3
46300,70,117.0,MASON TENDERS DISTRICT COUNCIL GREATER NY PAC,4400.0,2200.0,3666.666666666666,11000.0,3
46304,70,142.0,NEW YORK STATE LABORERS,4400.0,2200.0,3666.666666666666,11000.0,3
46312,70,164.0,32BJ UNITED ADF,4400.0,2000.0,3840.0,19200.0,5
46313,70,165.0,LOCAL 6 COMMITTEE ON POLITICAL EDUCATION,4700.0,1000.0,3366.666666666666,10100.0,3
46316,70,188.0,LAWPAC OF NEW YORK,4700.0,1000.0,3460.0,17300.0,5
46319,70,196.0,1199 SEIU NYS,2200.0,2200.0,2200.0,2200.0,1
46335,70,793.0,VOICE OF TEACHERS FOR EDUCATION,4400.0,1000.0,3266.666666666666,9800.0,3
46340,70,876.0,NEW YORK HOTEL TRADES COUNCIL,4700.0,1000.0,3625.0,14500.0,4
47780,71,117.0,MASON TENDERS DISTRICT COUNCIL,2500.0,2500.0,2500.0,2500.0,1
47782,71,142.0,NEW YORK STATE LABORERS PAC-STATE FUND,1000.0,1000.0,1000.0,1000.0,1
47787,71,165.0,LOCAL 6 COMMITTEE ON POLITCAL EDUCATION,4400.0,1900.0,2933.333333333333,8800.0,3
47789,71,188.0,LAWPAC,6300.0,1000.0,2366.6666666666665,14200.0,6
47791,71,196.0,1199 SEIU NYS PAC,4700.0,2000.0,3875.0,15500.0,4
47814,71,793.0,VOTE/COPE,4400.0,100.0,2200.0,8800.0,4
47820,71,876.0,NY HOTEL TRADES COUNCIL NON FEDERAL COPE,4400.0,1900.0,2933.333333333333,8800.0,3
48314,72,117.0,MASON TENDERS DISTRICT COUNCIL GREATER NY POLITICA,2500.0,1000.0,1750.0,3500.0,2
48324,72,164.0,32BJ UNITED ADF,2000.0,250.0,937.5,3750.0,4
48325,72,165.0,LOCAL 6 COMMITTEE ON POLITICAL EDUCATION,4700.0,1400.0,3580.0,17900.0,5
48327,72,188.0,LAWPAC,6800.0,2000.0,4475.0,17900.0,4
48331,72,196.0,1199 SEIU,4400.0,2200.0,3300.0,6600.0,2
48349,72,793.0,VOICE OF TEACHERS FOR EDUCATION COMMITTEE ON POLIT,4400.0,1000.0,2330.0,11650.0,5
48356,72,876.0,NEW YORK HOTEL TRADES COUNCIL NON FEDERAL COPE,4700.0,1400.0,3580.0,17900.0,5
48551,73,142.0,NEW YORK STATE LABORERS' PAC-STATE FUND,2500.0,1000.0,1483.333333333333,8900.0,6
48557,73,153.0,TRANSPORT WORKERS UNION LOCAL 100,500.0,250.0,416.66666666666674,1250.0,3
48561,73,165.0,LOCAL 6 COMMITTEE ON POLITICAL EDUCATION,2200.0,2200.0,2200.0,2200.0,1
48565,73,188.0,LAW PAC OF NEW YORK,2000.0,500.0,945.4545454545456,10400.0,11
48569,73,196.0,1199 SEIU - NYS UNITED HEALTHCARE WORKERS EAST,4400.0,1000.0,2960.0,14800.0,5
48586,73,523.0,RPAC OF NEW YORK STATE,500.0,500.0,500.0,1500.0,3
48607,73,793.0,VOTE-COPE,1750.0,500.0,1225.0,6125.0,5
48613,73,876.0,NEW YORK HOTEL TRADES COUNCIL,2200.0,2200.0,2200.0,2200.0,1
49228,74,117.0,MASON TENDERS DISTRICT COUNCIL OF GREATER NY PAC,1000.0,1000.0,1000.0,1000.0,1
49232,74,142.0,NY LABORERS PAC - STATE FUND,1000.0,1000.0,1000.0,1000.0,1
49233,74,153.0,TRANSPORT WORKERS UNION LOCAL 100 PAC,350.0,250.0,300.0,600.0,2
49237,74,188.0,LAWPAC OF NEW YORK,4400.0,700.0,1960.0,9800.0,5
49238,74,196.0,1199 SEIU NYS PAC,4400.0,4400.0,4400.0,4400.0,1
49246,74,523.0,REALTORS PAC OF NEW YORK STATE,500.0,300.0,400.0,800.0,2
49261,74,793.0,VOTE/COPE,700.0,700.0,700.0,700.0,1
49624,75,117.0,MASON TENDERS DISTRICT COUNCIL PAC,4400.0,2200.0,3300.0,6600.0,2
49628,75,142.0,NEW YORK STATE LABORERS,1000.0,1000.0,1000.0,2000.0,2
49633,75,153.0,TRANSPORT WORKERS UNION LOCAL 100,1000.0,500.0,812.5,6500.0,8
49637,75,188.0,LAW PAC OF NEW YORK,3400.0,1000.0,1600.0,6400.0,4
49639,75,196.0,1199 SEIU PAC,2200.0,500.0,1350.0,2700.0,2
49648,75,523.0,REAL ESTATE BOARD PAC,2100.0,250.0,875.0,8750.0,10
49656,75,793.0,VOICEOF TEACHERS FOR EDUCATION VOTE COPE,1000.0,600.0,800.0,1600.0,2
50264,76,164.0,32BJ UNITED ADF,1500.0,1500.0,1500.0,1500.0,1
50265,76,188.0,LAWPAC OF NEW YORK,2000.0,2000.0,2000.0,2000.0,1
50266,76,196.0,1199 AEIU - NYS POLITICAL ACTION FUND,4400.0,2000.0,3200.0,6400.0,2
50479,77,117.0,MASON TENDERS DISTRICT COUNCIL GREATER NY PAC,4400.0,1000.0,1875.0,7500.0,4
50484,77,153.0,TRANSPORT WORKERS UNION LOCAL 100,4400.0,500.0,3375.0,13500.0,4
50488,77,164.0,32BJ UNITED ADF,2000.0,1000.0,1500.0,3000.0,2
50489,77,165.0,LOCAL 6 COMMITTEE ON POLITICAL EDUCATION,4400.0,2200.0,2825.0,11300.0,4
50493,77,188.0,LAWPAC OF NEW YORK,4700.0,1000.0,1740.0,8700.0,5
50494,77,196.0,1199 SEIU - NYS POLITICAL ACTION FUND,4400.0,1000.0,2100.0,8400.0,4
50509,77,793.0,VOICE OF TEACHERS FOR EDUCATION,4700.0,4700.0,4700.0,4700.0,1
50511,77,876.0,NEW YORK HOTEL TRADES COUNCIL NON FEDERAL COPE,4400.0,2200.0,2825.0,11300.0,4
51105,78,117.0,MASON TENDERS DISTRICT COUNCIL,1000.0,1000.0,1000.0,2000.0,2
51110,78,142.0,NEW YORK STATE LABORERS',1000.0,1000.0,1000.0,3000.0,3
51120,78,164.0,32BJ UNITED ADF,500.0,500.0,500.0,1000.0,2
51121,78,165.0,LOCAL 6 COMMITTEE ON POLITICAL EDUCATION,2500.0,1000.0,1666.666666666667,5000.0,3
51125,78,188.0,LAWPAC OF NEW YORK,1000.0,1000.0,1000.0,1000.0,1
51129,78,196.0,1199 SEIU PAC,2200.0,2000.0,2066.6666666666665,6200.0,3
51148,78,523.0,RPAC OF NEW YORK STATE,500.0,500.0,500.0,3500.0,7
51171,78,793.0,VOICE OF TEACHERS FOR EDUCATION COMMITTEE ON POLIT,3200.0,250.0,1194.4444444444443,10750.0,9
51178,78,876.0,NY HOTEL & MOTEL TRADES COUNCIL,2500.0,1000.0,1666.666666666667,5000.0,3
52236,80,188.0,LAWPAC OF NEW YORK,500.0,500.0,500.0,500.0,1
52239,80,196.0,1199 SEIU - NYS POLITICAL ACTION FUND,4700.0,4400.0,4550.0,9100.0,2
52262,80,793.0,NYSUT VOTE/COPE COMMITTEE ON POLITICAL EDUCATION,1000.0,1000.0,1000.0,1000.0,1
52500,81,117.0,MASON TENDERS DIST. COUN GNY,4400.0,2000.0,3200.0,6400.0,2
52506,81,142.0,NEW YORK STATE LABORERS,2500.0,900.0,1320.0,6600.0,5
52511,81,153.0,TRANSPORT WORKERS UNION LOCAL #100,1000.0,500.0,750.0,1500.0,2
52516,81,164.0,SBIU LOCAL 32 BJ,1500.0,250.0,937.5,3750.0,4
52517,81,165.0,LOCAL 6 COMMITTEE ON POLITICAL EDUCATION,2200.0,2000.0,2150.0,8600.0,4
52521,81,188.0,LAWPAC OF NEW YORK,2600.0,300.0,890.9090909090909,9800.0,11
52523,81,196.0,1199 SEIU,4400.0,2200.0,3300.0,6600.0,2
52541,81,523.0,REAL ESTATE BOARD PAC,250.0,250.0,250.0,250.0,1
52548,81,793.0,NYSUT/VOTE COPE,2600.0,700.0,1750.0,10500.0,6
52553,81,876.0,NEW YORK HOTEL TRADES COUNCIL,2200.0,2000.0,2150.0,8600.0,4
53153,82,117.0,MASON TENDERS DISTRICT COUNCIL GREATER NY PAC,2500.0,2500.0,2500.0,2500.0,1
53157,82,142.0,NEW YORK STATE LABORERS STATE FUND,500.0,500.0,500.0,500.0,1
53160,82,153.0,TRANSPORT WORKERS UNION LOCAL 100 PAC,3700.0,250.0,1362.5,5450.0,4
53164,82,164.0,32BJ UNITED ADF,2500.0,500.0,1500.0,3000.0,2
53165,82,165.0,LOCAL 6 COMMITTEE ON POLITICAL EDUCATION,3700.0,1000.0,1900.0,5700.0,3
53168,82,188.0,LAWPAC OF NEW YORK,5300.0,500.0,2055.555555555556,18500.0,9
53169,82,196.0,1199 SEIU - NYS POLITICAL ACTION FUND,4400.0,2000.0,3500.0,10500.0,3
53180,82,523.0,RPAC OF NEW YORK STATE,300.0,250.0,275.0,550.0,2
53193,82,793.0,VOTE/COPE OF NYSUT,4700.0,250.0,1175.0,7050.0,6
53196,82,876.0,NEW YORK HOTEL TRADES COUNCIL NON FEDERAL COPE,3700.0,1000.0,1900.0,5700.0,3
53310,83,153.0,TRANSPORT WORKS UNION LOCAL 100,500.0,500.0,500.0,500.0,1
53313,83,164.0,32BJ,750.0,500.0,625.0,1250.0,2
53315,83,188.0,LAWPAC OF NEW YORK,4400.0,1000.0,3300.0,13200.0,4
53318,83,196.0,1199 SEIU,4400.0,1000.0,3266.666666666666,9800.0,3
53327,83,523.0,RPAC,300.0,300.0,300.0,300.0,1
53333,83,793.0,VOICE OF TEACHERS FOR EDUCATION,3200.0,400.0,1400.0,4200.0,3
53389,84,117.0,MASON TENDERS DISTRICT COUNCIL GREATER NY PAC,2400.0,2400.0,2400.0,2400.0,1
53398,84,153.0,TRANSPORT WORKERS UNION LOCAL 100,1000.0,250.0,500.0,2000.0,4
53402,84,164.0,32BJ UNITED ADF,1500.0,1000.0,1333.3333333333333,4000.0,3
53406,84,188.0,LAWPAC OF NEW YORK,3400.0,1000.0,1400.0,8400.0,6
53409,84,196.0,1199 SEIU - NYS POLITICAL ACTION FUND,4100.0,300.0,2160.0,10800.0,5
53420,84,523.0,REAL ESTATE BOARD PAC,2000.0,2000.0,2000.0,2000.0,1
53431,84,793.0,VOICE OF TEACHERS FOR EDUCATION COMMITTEE ON POLIT,500.0,250.0,375.0,750.0,2
53440,84,948.0,N.Y.C. CAMPAIGN FINANCE BOARD,716133.0,24358.0,279338.66666666674,838016.0,3
56443,85,142.0,NEW YORK STATE LABORERS PAC,1100.0,1100.0,1100.0,1100.0,1
56447,85,153.0,TRANSPORT WORKERS UNION LOCAL 100,500.0,500.0,500.0,500.0,1
56449,85,164.0,32BJ UNITED ADF,2000.0,1500.0,1750.0,3500.0,2
56450,85,165.0,LOCAL 6 COMMITTEE ON POLITICAL EDUCATION,4400.0,2350.0,3375.0,6750.0,2
56452,85,188.0,LAWPAC OF NEW YORK,1000.0,1000.0,1000.0,4000.0,4
56453,85,196.0,1199 SEIU - NYS POLITICAL ACTION FUND,4400.0,2000.0,2800.0,8400.0,3
56458,85,523.0,REAL ESTATE BOARD PAC,2000.0,250.0,1000.0,6000.0,6
56465,85,793.0,VOICE OF TEACHERS FOR EDUCATION,500.0,250.0,375.0,750.0,2
56467,85,876.0,NEW YORK HOTEL MOTEL TRADES COUNCIL,4400.0,2350.0,3375.0,6750.0,2
56781,86,117.0,MASON TENDERS DISTRICT COUNCIL OF NY PAC,4400.0,1000.0,2700.0,5400.0,2
56787,86,153.0,TRANSPORT WORKERS UNION LOCAL 100,500.0,500.0,500.0,500.0,1
56790,86,164.0,32BJ UNITED ADF,2500.0,2500.0,2500.0,2500.0,1
56791,86,165.0,LOCAL 6 COMMITTEE ON POLITICAL EDUCATION,3700.0,1000.0,2300.0,6900.0,3
56795,86,188.0,LAWPAC OF NEW YORK,8400.0,500.0,2022.2222222222226,18200.0,9
56798,86,196.0,1199 SEIU - NYS POLITICAL ACTION FUND,4400.0,2200.0,3566.666666666666,10700.0,3
56807,86,523.0,RPAC OF NEW YORK STATE,1000.0,250.0,525.0,5250.0,10
56828,86,793.0,VOTE COPE OF NYS UNITED TEACHERS,4200.0,500.0,1920.0,9600.0,5
56836,86,876.0,"NY HOTEL TRADES COUNCIL, NON FEDERAL COPE",3700.0,1000.0,2300.0,6900.0,3
57237,87,117.0,MASON TENDERS DISTRICT COUNCIL GREATER NY,4400.0,300.0,1540.0,7700.0,5
57240,87,142.0,NYS LABORERS POLITICAL ACTION COMMITTEE-STATE FUND,3000.0,1100.0,2050.0,4100.0,2
57243,87,153.0,TRANSPORT WORKERS UNION LOCAL 100 PAC,4700.0,4700.0,4700.0,4700.0,1
57250,87,165.0,LOCAL 6 COMMITTEE ON POLITICAL EDUCATION,3700.0,1000.0,2350.0,4700.0,2
57252,87,188.0,LAWPAC OF NEW YORK,2000.0,400.0,1081.5384615384612,14060.0,13
57253,87,196.0,1199 SEIU - NYS PAC,2200.0,2000.0,2100.0,4200.0,2
57265,87,523.0,RPAC OF NYS,500.0,350.0,400.0,1200.0,3
57279,87,793.0,VOICE OF TEACHERS FOR EDUCATION (COTE/COPE),3300.0,1400.0,2350.0,4700.0,2
57284,87,876.0,NY HOTEL TRADES COUNCIL COPE,3700.0,1000.0,2350.0,4700.0,2
57600,88,117.0,MASON TENDERS DISTRICT CONCIL,25000.0,300.0,9800.0,58800.0,6
57607,88,142.0,NEW YORK LABORERS PAC,4100.0,4100.0,4100.0,4100.0,1
57614,88,153.0,TRANPORT WORKERS UNION,5000.0,1000.0,3387.5,27100.0,8
57622,88,164.0,32BJ ADF,25000.0,1500.0,6950.0,55600.0,8
57623,88,165.0,LOCAL 6 COMMITTEE ON POLITICAL EDUCATION,22500.0,2200.0,7386.7,73867.0,10
57627,88,188.0,LAWPAC OF NEW YORK,10000.0,300.0,5318.181818181818,58500.0,11
57633,88,196.0,1199 SEIU NYS PAC,10000.0,4400.0,6316.666666666668,37900.0,6
57678,88,523.0,REAL ESTATE BOARD PAC,5000.0,1000.0,3942.857142857143,27600.0,7
57723,88,793.0,VOICE OF TEACHER FOR EDUCATION COMMITTEE,25000.0,250.0,5125.0,41000.0,8
57735,88,876.0,NY HOTEL TRADES COUNCIL,17500.0,2200.0,5633.333333333332,50700.0,9
58611,89,164.0,32BJ UNITED ADF,2500.0,2500.0,2500.0,2500.0,1
58823,90,117.0,MASON TENDERS DISTRICT COUNCIL GREATER NY PAC,4400.0,2000.0,2660.0,13300.0,5
58830,90,142.0,NY STATE LABORERS,1000.0,1000.0,1000.0,2000.0,2
58835,90,153.0,TWU LOCAL 100,1000.0,500.0,750.0,1500.0,2
58841,90,164.0,32BJ UNITED ADF,4400.0,1000.0,2475.0,9900.0,4
58842,90,165.0,LOCAL 6 COMMITTEE ON POLITICAL EDUCATION,2200.0,2000.0,2100.0,4200.0,2
58846,90,188.0,LAW PAC OF NEW YORK,4400.0,1000.0,2440.0,12200.0,5
58849,90,196.0,1199 SEIU - NYS POLITICAL ACTION FUND,4700.0,2100.0,3375.0,13500.0,4
58874,90,523.0,RPAC OF NEW YORK STATE,3400.0,250.0,1108.3333333333333,6650.0,6
58908,90,793.0,VOTE/COPE NYSUT - STATE FUND,4700.0,1000.0,2400.0,7200.0,3
58915,90,876.0,NY HTC NON FEDERAL COPE,2200.0,2000.0,2100.0,4200.0,2
59311,91,117.0,MASON TENDERS DISTRICT COUNCIL PAC,4400.0,200.0,1775.0,7100.0,4
59320,91,142.0,NEW YORK STATE LABORERS PAC,200.0,200.0,200.0,200.0,1
59325,91,153.0,TWU LOCAL 100,1000.0,250.0,656.25,5250.0,8
59331,91,164.0,32BJ UNITED ADF,2000.0,500.0,1312.5,10500.0,8
59332,91,165.0,LOCAL 6 COPE,4400.0,2000.0,2933.333333333333,8800.0,3
59336,91,188.0,LAWPAC,4400.0,1000.0,1520.0,15200.0,10
59340,91,196.0,1199 SEIU NYS PAF,4400.0,1000.0,2460.0,12300.0,5
59354,91,523.0,REAL ESTATE BOARD PAC,750.0,250.0,328.57142857142856,2300.0,7
59378,91,793.0,VOTE/COPE,4400.0,250.0,1588.888888888889,14300.0,9
59384,91,876.0,NY HOTEL TRADES COUNCIL COPE,2400.0,2000.0,2200.0,8800.0,4
59567,92,142.0,NEW YORK STATE LABORERS PAC,2200.0,2200.0,2200.0,2200.0,1
59570,92,153.0,TRANSPORT WORKERS UNION LOCAL 100,1000.0,500.0,666.6666666666666,2000.0,3
59573,92,165.0,LOCAL 6 COMMITTEE ON POLITICAL EDCATION,4400.0,1000.0,2700.0,5400.0,2
59576,92,188.0,LAWPAC OF NEW YORK,4400.0,4400.0,4400.0,4400.0,1
59577,92,196.0,1199 SEIU - NYS POLITICAL ACTION FUND,4700.0,4400.0,4550.0,9100.0,2
59588,92,523.0,REAL ESTATE BOARD PAC,2000.0,500.0,1250.0,2500.0,2
59592,92,793.0,VOICE OF TEACHERS FOR EDUCATION,750.0,250.0,500.0,1000.0,2
59594,92,876.0,NEW YORK HOTEL MOTEL TRADES COUNCIL,4400.0,1000.0,2700.0,5400.0,2
59804,93,117.0,MASON TENDERS DISTRICT COUNCIL OF GREATER NY PAC,69700.0,4200.0,44900.0,134700.0,3
59812,93,142.0,NYS LABORERS PAC STATE FUND,69700.0,5000.0,33675.0,134700.0,4
59820,93,153.0,TRANSPORT WORKERS UNION LOCAL 100 PAC,47100.0,3000.0,22387.5,358200.0,16
59826,93,164.0,LOCAL 32BJ NY/NJ AMERICAN DREAM FUND,25000.0,1000.0,12142.857142857143,85000.0,7
59827,93,165.0,LOCAL 6 COMMITTEE ON POLITICAL EDUCATION,25000.0,2500.0,13520.0,67600.0,5
59840,93,188.0,LAWPAC OF NEW YORK,69700.0,25000.0,44933.33333333334,134800.0,3
59845,93,196.0,1199 SEIU - NYS POLITICAL ACTION FUND,50000.0,250.0,16050.0,80250.0,5
59909,93,523.0,RPAC OF NEW YORK STATE,50000.0,5000.0,17010.0,170100.0,10
59966,93,876.0,NEW YORK HOTEL TRADES COUNCIL NON FEDERAL COPE,25000.0,2500.0,13520.0,67600.0,5
65822,94,117.0,MASON TENDERS DISTRICT COUNCIL GREATER NY POLITICA,21000.0,2500.0,11750.0,23500.0,2
65828,94,142.0,NEW YORK STATE LABORERS POLITICAL ACTION COMMITTEE,21100.0,5000.0,14566.666666666664,43700.0,3
65835,94,153.0,TRANSPORT WORKERS UNION LOCAL 100,21100.0,21000.0,21050.0,42100.0,2
65839,94,164.0,32BJ UNITED AMERICAN DREAM FUND,10000.0,10000.0,10000.0,10000.0,1
65840,94,165.0,LOCAL 6 COMMITTEE ON POLITICAL EDUCATION,5000.0,5000.0,5000.0,5000.0,1
65849,94,188.0,LAWPAC OF NEW YORK,10000.0,1000.0,5500.0,11000.0,2
65851,94,196.0,1199 SEIU - NYS POLITICAL ACTION FUND,5000.0,5000.0,5000.0,5000.0,1
65878,94,523.0,RPAC OF NEW YORK STATE,11100.0,1000.0,6183.333333333332,37100.0,6
65901,94,876.0,HOTEL TRADES COUNCIL,5000.0,5000.0,5000.0,5000.0,1
67072,95,117.0,MASON TENDERS DC GREATER NY PA,44000.0,4950.0,17990.0,89950.0,5
67081,95,142.0,NEW YORK STATE LABORERS PAC,44000.0,21000.0,32500.0,65000.0,2
67090,95,153.0,TRANSPORT WORKERS UNION LOC100,40000.0,500.0,10576.923076923076,137500.0,13
67097,95,164.0,LOCAL 32BJ NY/NJ AMERICAN DREA,20000.0,1000.0,9850.0,68950.0,7
67098,95,165.0,LOCAL 6 POLITICAL ACTION COMMI,21100.0,4950.0,10262.5,41050.0,4
67105,95,188.0,LAWPAC,44000.0,10000.0,16800.0,84000.0,5
67110,95,196.0,1199/SEIU NYS POLITICAL ACTION,25000.0,4950.0,15237.5,60950.0,4
67154,95,523.0,RPAC OF NEW YORK STATE,15000.0,500.0,7388.88888888889,66500.0,9
67173,95,793.0,UFT COPE,22000.0,1000.0,9628.57142857143,67400.0,7
67180,95,876.0,NY HOTEL & MOTEL TRADES COUNCI,21100.0,4950.0,10262.5,41050.0,4
67184,95,948.0,N.Y.C. CAMPAIGN FINANCE BOARD,715783.0,997.0,189121.5,756486.0,4
71731,96,117.0,MASON TENDERS DISTRICT COUNCIL PAC,12100.0,3000.0,8762.5,70100.0,8
71738,96,142.0,NEW YORK STATE LABORERS' PACSTATE FUND,10000.0,500.0,4750.0,57000.0,12
71747,96,153.0,TRANSPORT WORKERS UNION LOCAL 100 POLITICAL CONTRI,25000.0,1000.0,7227.272727272727,79500.0,11
71755,96,164.0,LOCAL 32BJ NY/NJ AMERICAN DREAM FUND,10000.0,2000.0,5833.333333333332,52500.0,9
71756,96,165.0,LOCAL 6 POLITICAL ACTION COMMITTEE,12500.0,2500.0,6500.0,32500.0,5
71768,96,188.0,LAWPAC OF NEW YORK,10000.0,1000.0,6827.272727272727,75100.0,11
71774,96,196.0,1199 SEIU NYS POLITICAL ACTON FUND,10000.0,2000.0,5285.714285714285,37000.0,7
71831,96,523.0,RPAC OF NEW YORK STATE,4000.0,250.0,1843.75,14750.0,8
71860,96,793.0,VOTE/COPE COMMITTEE ON POLITICAL EDUCATION OF NYSU,21100.0,500.0,4770.588235294118,81100.0,17
71870,96,876.0,NY HOTEL & MOTEL TRADES COUNCIL PAC,12500.0,2500.0,6500.0,32500.0,5
